{
  "Routes": [
    {
      "DownstreamPathTemplate": "/User/authenticate",
      "DownstreamScheme": "http",
      "DownstreamHostAndPorts": [
        {
          "Host": "localhost",
          "Port": "8041"
        }
      ],
      "UpstreamPathTemplate": "/auth-api/auth"
    },
    {
      "DownstreamPathTemplate": "/User/LoginAuthenticate",
      "DownstreamScheme": "http",
      "DownstreamHostAndPorts": [
        {
          "Host": "localhost",
          "Port": "8041"
        }
      ],
      "UpstreamPathTemplate": "/auth-api/mobile-auth"
    },
    {
      "DownstreamPathTemplate": "/User/forgetPassword",
      "DownstreamScheme": "http",
      "DownstreamHostAndPorts": [
        {
          "Host": "localhost",
          "Port": "8041"
        }
      ],
      "UpstreamPathTemplate": "/user-api/forgetPassword"
    },
    {
      "DownstreamPathTemplate": "/User/getOTP",
      "DownstreamScheme": "http",
      "DownstreamHostAndPorts": [{
          "Host": "localhost",
          "Port": "8041"
      }],
      "UpstreamPathTemplate": "/auth-api/saveOTP"
    },
    {
        "DownstreamPathTemplate": "/User/getVerifyOTP",
        "DownstreamScheme": "http",
        "DownstreamHostAndPorts": [{
            "Host": "localhost",
            "Port": "8041"
        }],
        "UpstreamPathTemplate": "/auth-api/getOTP"
    },
    {
      "DownstreamPathTemplate": "/User/saveMobileUser",
      "DownstreamScheme": "http",
      "DownstreamHostAndPorts": [{
          "Host": "localhost",
          "Port": "8041"
      }],
      "UpstreamPathTemplate": "/auth-api/saveUser"
    },
    {
      "DownstreamPathTemplate": "/User/getCompanyLogo",
      "DownstreamScheme": "http",
      "DownstreamHostAndPorts": [
        {
          "Host": "localhost",
          "Port": "8041"
        }
      ],
      "UpstreamPathTemplate": "/auth-api/logo"
    },
    {
      "DownstreamPathTemplate": "/User/genToken",
      "DownstreamScheme": "http",
      "DownstreamHostAndPorts": [
        {
          "Host": "localhost",
          "Port": "8041"
        }
      ],
      "UpstreamPathTemplate": "/auth-api/generateToken"
    },
    {
      "DownstreamPathTemplate": "/{catchAll}",
      "DownstreamScheme": "http",
      "DownstreamHostAndPorts": [
        {
          "Host": "localhost",
          "Port": "8041"
        }
      ],
      "UpstreamPathTemplate": "/user-api/{catchAll}",
      "AuthenticationOptions": {
        "AuthenticationProviderKey": "MyOwnKey",
        "AllowedScopes": []
      }
    },
    {
      "DownstreamPathTemplate": "/{catchAll}",
      "DownstreamScheme": "http",
      "DownstreamHostAndPorts": [
        {
          "Host": "localhost",
          "Port": "8043"
        }
      ],
      "UpstreamPathTemplate": "/cmis-api/{catchAll}",
      "AuthenticationOptions": {
        "AuthenticationProviderKey": "MyOwnKey",
        "AllowedScopes": []
      }
    },
    {
      "DownstreamPathTemplate": "/{catchAll}",
      "DownstreamScheme": "http",
      "DownstreamHostAndPorts": [
        {
          "Host": "localhost",
          "Port": "8042"
        }
      ],
      "UpstreamPathTemplate": "/school-api/{catchAll}",
      "AuthenticationOptions": {
        "AuthenticationProviderKey": "MyOwnKey",
        "AllowedScopes": []
      }
    }
  ],
  "GlobalConfiguration": {
    "BaseUrl": "https://localhost:8040/"
  }
}
